artists,frequency,rank_sum,ranking_score,rank,rank_sum_normalized,frequency_normalized
Sabrina Carpenter,1104,175.2409824362176,814.8614736543263,1.0,1.0000000000000002,0.9666958808063102
Taylor Swift,1142,98.89660386692736,719.3449058003911,2.0,0.564296595602753,0.9999999999999999
Chappell Roan,877,84.953294076947,565.9299411154205,3.0,0.4847210242521251,0.7677475898334793
Zach Bryan,976,39.413206380807935,547.1198095712119,4.0,0.2248201433018874,0.8545135845749342
Morgan Wallen,971,35.88360963249001,539.325414448735,5.0,0.20467645560396722,0.8501314636283961
Billie Eilish,751,75.76556443532608,489.1483466529891,6.0,0.43228592479156047,0.6573181419807187
Kendrick Lamar,395,93.6828107171832,338.0242160757748,7.0,0.5345410658867725,0.34531113058720425
Benson Boone,521,46.088384136471426,329.6325762047071,8.0,0.2629159105031319,0.45574057843996496
SZA,510,23.02056345096281,289.53084517644425,9.0,0.13126603407406004,0.4460999123575811
Noah Kahan,422,46.82030146913744,281.23045220370614,10.0,0.2670930205871508,0.3689745836985101
"Zach Bryan, Kacey Musgraves",395,42.32482915594309,260.9872437339146,11.0,0.24143700467689438,0.34531113058720425
Bad Bunny,314,47.32227147174541,227.98340720761811,12.0,0.26995780307854383,0.27432077125328663
Teddy Swims,359,17.27763849638036,205.41645774457055,13.0,0.09849070731390479,0.3137598597721297
Ariana Grande,307,34.39367793104425,205.09051689656638,14.0,0.19617329758755725,0.26818580192813324
Tommy Richman,277,38.28750014040245,195.93125021060368,15.0,0.21839564878785137,0.2418930762489045
Shaboozey,270,36.1467283075606,189.2200924613409,16.0,0.20617809468515644,0.23575810692375113
"Tyler, The Creator, Kali Uchis",341,11.01245732317392,187.01868598476088,17.0,0.06273482302369408,0.2979842243645925
"Post Malone, Morgan Wallen",245,42.707937176582206,186.5619057648733,18.0,0.2436234324397827,0.2138475021910605
Gracie Abrams,258,37.640783899868616,185.46117584980294,19.0,0.2147047880727584,0.22524101665205962
"Lady Gaga, Bruno Mars",155,71.7780636030636,185.1670954045954,20.0,0.4095289422839776,0.13496932515337426
Hozier,244,37.414252582069615,178.12137887310442,21.0,0.21341195593217008,0.21297107800175286
Tate McRae,292,21.21013367178791,177.81520050768188,22.0,0.12093376818898592,0.25503943908851884
Jack Harlow,157,56.52114815258805,163.28172222888207,23.0,0.32245651957324867,0.1367221735319895
Doja Cat,272,17.820461432808823,162.73069214921324,24.0,0.10158864072850632,0.23751095530236638
Mitski,198,25.034658915324012,136.55198837298602,25.0,0.1427606361266102,0.17265556529360213
Jimin,184,29.169031329789313,135.75354699468397,26.0,0.16635582636571444,0.16038562664329536
Olivia Rodrigo,243,8.525564791159898,134.28834718673986,27.0,0.04854193072599636,0.21209465381244524
"Future, Metro Boomin, Kendrick Lamar",168,27.366287751866825,125.04943162780023,28.0,0.15606742623887057,0.14636283961437338
Luke Combs,224,6.920415936465824,122.38062390469874,29.0,0.03938121930675542,0.19544259421560037
Brenda Lee,79,50.777896614874074,115.66684492231111,30.0,0.28967932897734167,0.06836108676599474
Xavi,187,12.10722663564602,111.66083995346904,31.0,0.06898275804409387,0.16301489921121826
Gunna,196,8.057078728151364,110.08561809222705,32.0,0.04586824372518829,0.17090271691498687
Dasha,198,6.588559808627812,108.88283971294172,33.0,0.03748729014813532,0.17265556529360213
21 Savage,140,21.837660035084415,102.75649005262662,34.0,0.12451511075750468,0.12182296231375986
"Morgan Wallen, ERNEST",186,6.40960030502116,102.61440045753174,35.0,0.0364659541122425,0.16213847502191062
The Neighbourhood,184,5.1950719816148405,99.79260797242226,36.0,0.029534544948112168,0.16038562664329536
"Travis Scott, Playboi Carti",178,6.40853599913265,98.61280399869898,37.0,0.03645988003439114,0.1551270815074496
"Drake, Yeat",140,19.03060444994463,98.54590667491695,38.0,0.10849502260304186,0.12182296231375986
Gigi Perez,147,14.832735456083926,95.74910318412589,39.0,0.08453745236519221,0.12795793163891325
Frank Ocean,176,4.609317970526721,94.91397695579008,40.0,0.02619160049623215,0.15337423312883436
Beyoncé,135,17.261622538485884,93.39243380772882,41.0,0.09839930297595512,0.11744084136722174
Lil Tecca,163,7.794661665722916,93.19199249858437,42.0,0.04437060880281836,0.14198071866783524
"¥$, Kanye West, Ty Dolla $ign, Rich The Kid, Playboi Carti",91,31.543341816085142,92.81501272412771,43.0,0.17990620402759125,0.07887817703768624
Djo,145,12.697571377780458,91.54635706667068,44.0,0.07235190216100539,0.126205083260298
Travis Scott,155,7.563412393043741,88.84511858956562,45.0,0.04305085092072023,0.13496932515337426
The Kid LAROI,158,5.10647288399303,86.65970932598954,46.0,0.029028902893205522,0.13759859772129712
J. Cole,147,5.359211807638908,81.53881771145836,47.0,0.030471303912375,0.12795793163891325
"The Weeknd, Playboi Carti",108,16.961724836471216,79.44258725470682,48.0,0.09668776308019043,0.09377738825591586
Mariah Carey,93,18.548607935187434,74.32291190278116,49.0,0.1057442303859474,0.08063102541630149
"Drake, J. Cole",130,6.214878681562968,74.32231802234445,50.0,0.035354662412179855,0.11305872042068361
"Drake, Sexyy Red, SZA",130,5.271066453871298,72.90659968080695,51.0,0.029968251409517956,0.11305872042068361
Michael Marcagi,128,3.656998299352164,69.48549744902824,52.0,0.020756636841002034,0.11130587204206836
"Taylor Swift, Post Malone",99,13.225122033679593,69.33768305051939,53.0,0.07536267546317638,0.08588957055214724
"ROSÉ, Bruno Mars",90,15.810584382039035,68.71587657305855,54.0,0.09011811349583652,0.07800175284837861
Bobby Helms,72,20.905580996940994,67.35837149541149,55.0,0.11919566199523839,0.062226117440841375
Artemas,102,9.963251399340859,65.9448770990113,56.0,0.056746921864567874,0.08851884312007012
Michael Bublé,112,6.011504222902841,65.01725633435426,57.0,0.03419398829751349,0.09728308501314636
"Kendrick Lamar, SZA",67,19.613290335431365,62.919935503147045,58.0,0.11182045701954413,0.057843996494303246
"Tyler, The Creator, GloRilla, Sexyy Red, Lil Wayne",80,15.20430672978627,62.80646009467941,59.0,0.08665803900119969,0.06923751095530237
"JID, 21 Savage, Baby Tate",108,5.4080586675137035,62.11208800127056,60.0,0.030750076803587253,0.09377738825591586
"FloyyMenor, Cris Mj",109,3.9430028642705555,60.41450429640583,61.0,0.02238888750494578,0.09465381244522349
"Tyler, The Creator",97,7.765812134011161,60.14871820101674,62.0,0.044205962244451655,0.08413672217353199
Wham!,79,11.593140665106997,56.889710997660494,63.0,0.06604882876581149,0.06836108676599474
Eminem,92,6.907719559371424,56.36157933905714,64.0,0.03930876007888286,0.07975460122699386
Nat King Cole,97,4.4792091516357,55.21881372745355,65.0,0.02544905918022063,0.08413672217353199
Don Toliver,101,3.105574966854438,55.15836245028166,66.0,0.017609620286072887,0.0876424189307625
Kanye West,98,2.4754082858985305,52.71311242884779,67.0,0.014013209215924393,0.08501314636283962
Charli xcx,92,3.150636015467247,50.72595402320087,68.0,0.017866787253101004,0.07975460122699386
Bryson Tiller,84,5.744889537763412,50.61733430664512,69.0,0.03267239721046158,0.07274320771253287
"The Weeknd, JENNIE, Lily-Rose Depp",91,3.053098065232259,50.07964709784839,70.0,0.017310130459611713,0.07887817703768624
"Future, Metro Boomin, Travis Scott, Playboi Carti",82,5.84495320527781,49.76742980791671,71.0,0.0332434684721515,0.07099035933391762
The Marías,91,2.8062559413298387,49.709383911994756,72.0,0.015901382942788075,0.07887817703768624
"¥$, Kanye West, Ty Dolla $ign",69,9.344668904046529,48.51700335606979,73.0,0.053216622657853284,0.05959684487291849
"Charli xcx, Billie Eilish",82,4.909133141838179,48.36369971275727,74.0,0.027902669382748605,0.07099035933391762
Flo Milli,76,6.700600419942243,48.050900629913365,75.0,0.03812671477500737,0.06573181419807186
"Kendrick Lamar, Lefty Gunplay",58,12.321753046854745,47.482629570282114,76.0,0.07020707723364536,0.04995617879053462
"Tyler, The Creator, Lola Young",79,5.205241993279994,47.30786298991999,77.0,0.02959258600874174,0.06836108676599474
"Kanye West, Ty Dolla $ign",66,9.441362668350235,47.16204400252535,78.0,0.053768461615490135,0.05696757230499562
TV Girl,88,2.051253587130095,47.076880380695144,79.0,0.01159252481573943,0.07624890446976336
Rich Amiri,81,3.6658014143047684,45.99870212145715,80.0,0.02080687691402416,0.07011393514460999
Andy Williams,65,8.013934098573543,44.520901147860314,81.0,0.04562201391310784,0.056091148115687994
Myles Smith,79,2.229907017594301,42.84486052639145,82.0,0.012612114068009703,0.06836108676599474
Dean Martin,65,6.490498830682335,42.235748246023505,83.0,0.036927648394150914,0.056091148115687994
"Bing Crosby, Ken Darby Singers, John Scott Trotter & His Orchestra",74,3.3649828442381287,42.04747426635719,84.0,0.019090081551481657,0.06397896581945661
"Future, Metro Boomin",69,4.908835943194205,41.86325391479131,85.0,0.02790097324659047,0.05959684487291849
Drake,66,3.9360137356148157,38.904020603422225,86.0,0.022348999995136367,0.05696757230499562
Nicki Minaj,62,4.355253147406043,37.53287972110907,87.0,0.024741632463932364,0.05346187554776512
Burl Ives,59,4.073613659288592,35.61042048893289,88.0,0.023134293638401172,0.05083260297984225
"Hanumankind, Kalmi",61,2.5823349997092673,34.3735024995639,89.0,0.014623448425430362,0.05258545135845749
"The Weeknd, Playboi Carti, Madonna",61,2.2144192541634014,33.821628881245104,90.0,0.012523724177623503,0.05258545135845749
Kelly Clarkson,54,3.285612841727204,31.928419262590808,91.0,0.018637110672039086,0.04645048203330412
The Ronettes,54,3.269458458596655,31.904187687894982,92.0,0.018544916330323024,0.04645048203330412
Richy Mitch & The Coal Miners,59,1.3848181029239106,31.577227154385866,93.0,0.007789124817975039,0.05083260297984225
José Feliciano,54,2.983534531112403,31.475301796668603,94.0,0.016913125870591232,0.04645048203330412
Frank Sinatra,57,1.8197674683258418,31.229651202488764,95.0,0.01027141523408007,0.049079754601226995
BigXthaPlug,58,1.3953090215182578,31.092963532277388,96.0,0.007848997319820904,0.04995617879053462
"Perry Como, The Fontane Sisters, Mitchell Ayres & His Orchestra",54,2.6285981187253022,30.942897178087954,97.0,0.014887475703287198,0.04645048203330412
Sexyy Red,57,1.601480943153678,30.902221414730516,98.0,0.00902563677685893,0.049079754601226995
"Tyler, The Creator, Daniel Caesar",27,11.429761904761904,30.644642857142856,99.0,0.06511641326354956,0.022787028921998246
"Fuerza Regida, Marshmello",55,1.8424363266465438,30.263654489969817,100.0,0.010400788200750622,0.04732690622261174
"Calle 24, Chino Pacas, Fuerza Regida",55,1.2385975236132056,29.35789628541981,101.0,0.006954632411428174,0.04732690622261174
4batz,54,1.4737863977823285,29.210679596673494,102.0,0.008296873910700296,0.04645048203330412
Tyla,53,1.7396024202943916,29.109403630441587,103.0,0.009813906966994357,0.04557405784399649
KAROL G,54,1.176968615102165,28.765452922653246,104.0,0.0066029113580807295,0.04645048203330412
Kenya Grace,52,1.613291908097234,28.41993786214585,105.0,0.009093042887584597,0.04469763365468887
Darlene Love,50,1.7017522066826591,27.552628310023987,106.0,0.00959789280541693,0.04294478527607362
Good Neighbours,51,1.3073877430900034,27.461081614635006,107.0,0.007347223632641297,0.04382120946538125
Elvis Presley,48,1.5625950181995987,26.3438925272994,108.0,0.00880371172876582,0.04119193689745837
Lola Young,45,2.3656857924708112,26.048528688706217,109.0,0.013387014271105729,0.03856266432953549
"Peso Pluma, Neton Vega",45,1.0994164782647433,24.149124717397115,110.0,0.006160315181760056,0.03856266432953549
Yeat,41,1.957609106331506,23.43641365949726,111.0,0.011058088360147265,0.035056967572304996
Justin Bieber,42,1.1139557601440768,22.670933640216116,112.0,0.00624329201294308,0.03593339176161262
YG Marley,41,1.3094219742282152,22.464132961342322,113.0,0.007358833150576469,0.035056967572304996
Chuck Berry,40,1.4026797867023688,22.104019680053554,114.0,0.007891062859470496,0.03418054338299737
"Kali Uchis, Peso Pluma",35,2.675911493461609,21.513867240192415,115.0,0.015157496873574434,0.029798422436459245
The Beach Boys,39,1.2871357399459225,21.430703609918883,116.0,0.007231643849543956,0.033304119193689745
Megan Thee Stallion,21,7.158740158028298,21.23811023704245,117.0,0.04074135448148671,0.017528483786152498
"Oscar Maydon, Fuerza Regida",37,1.7246578971011906,21.086986845651786,118.0,0.0097286173915941,0.03155127081507449
"Megan Thee Stallion, 千葉雄喜",38,1.0279877228316794,20.54198158424752,119.0,0.00575266562723787,0.03242769500438212
"Post Malone, Blake Shelton",35,1.7765080151784296,20.164762022767643,120.0,0.010024530114809842,0.029798422436459245
"Central Cee, Lil Baby",35,1.769902929330435,20.154854393995652,121.0,0.009986834367667235,0.029798422436459245
"Peso Pluma, Gabito Ballesteros, Junior H",36,1.031085327524818,19.546627991287227,122.0,0.005770343902122935,0.030674846625766874
"Post Malone, Luke Combs",33,1.721650740690071,19.082476111035106,123.0,0.009711455312205495,0.028045574057843997
"Bad Bunny, Feid",33,1.5355696101853575,18.803354415278037,124.0,0.008649475588558818,0.028045574057843997
"SZA, Kendrick Lamar",33,1.2380943494753294,18.357141524212995,125.0,0.0069517607568416045,0.028045574057843997
"Bing Crosby, The Andrews Sisters",32,0.8833610396067747,17.325041559410163,126.0,0.0049272697116685095,0.02716914986853637
"21 Savage, Travis Scott, Metro Boomin",27,2.3774399329806233,17.066159899470936,127.0,0.013454096080295394,0.022787028921998246
"Eartha Kitt, Henri René and His Orchestra",31,1.0272367590463165,17.040855138569476,128.0,0.005748379817542469,0.026292725679228746
"Tyler, The Creator, Teezo Touchdown",24,3.3167952245009307,16.975192836751397,129.0,0.0188150709958552,0.020157756354075372
"Koe Wetzel, Jessie Murph",30,0.956287476627041,16.434431214940563,130.0,0.005343466653417837,0.02541630148992112
"Nicki Minaj, Lil Uzi Vert",30,0.8901585586725127,16.33523783800877,131.0,0.0049660636903988385,0.02541630148992112
"Frank Sinatra, B. Swanson Quartet",30,0.841024792575413,16.26153718886312,132.0,0.004685653402692656,0.02541630148992112
"Future, Metro Boomin, Travis Scott",27,1.734365661735619,16.101548492603428,133.0,0.00978402037187337,0.022787028921998246
Sophie Ellis-Bextor,29,0.8668448953672243,15.800267343050837,134.0,0.004833010770701993,0.024539877300613498
"Rauw Alejandro, Bad Bunny",29,0.8019193161371495,15.702878974205724,135.0,0.004462475356921235,0.024539877300613498
Addison Rae,29,0.7651728678243709,15.647759301736556,136.0,0.004252760471170297,0.024539877300613498
GloRilla,29,0.6802906163095304,15.520435924464296,137.0,0.0037683307508556154,0.024539877300613498
Neton Vega,28,0.9967262013980431,15.495089302097064,138.0,0.005574253652832831,0.02366345311130587
Lay Bankz,28,0.9130190540719467,15.36952858110792,139.0,0.005096530345028831,0.02366345311130587
"Bad Bunny, Omar Courtz, Dei V",26,1.4685957273979096,15.202893591096863,140.0,0.008267250344434146,0.021910604732690624
Doechii,28,0.7469035886290184,15.120355382943528,141.0,0.00414849625040551,0.02366345311130587
Hotel Ugly,28,0.5825229498633754,14.873784424795064,142.0,0.003210362948787484,0.02366345311130587
"Bad Bunny, Chuwi",26,1.0763849552674254,14.614577432901138,143.0,0.006028872459107239,0.021910604732690624
Vince Guaraldi Trio,27,0.7016170334829347,14.552425550224402,144.0,0.0038900422997631065,0.022787028921998246
Playboi Carti,21,2.6228942439361997,14.434341365904299,145.0,0.014854923238908803,0.017528483786152498
"Taylor Swift, Florence + The Machine",24,1.369102477160562,14.053653715740843,146.0,0.00769943449924241,0.020157756354075372
Dua Lipa,25,0.9998982450520286,13.999847367578043,147.0,0.005592356756752706,0.021034180543382998
"Peso Pluma, Anitta",26,0.6208008329671556,13.931201249450734,148.0,0.003428817853968225,0.021910604732690624
Steve Lacy,26,0.5632947218506995,13.844942082776049,149.0,0.003100625931306286,0.021910604732690624
"Tyler, The Creator, ScHoolboy Q, Santigold",23,1.3576974656379086,13.536546198456863,150.0,0.007634345196785126,0.019281332164767746
Sia,24,0.7168820616199837,13.075323092429976,151.0,0.003977161022217512,0.020157756354075372
Paul McCartney,24,0.7018787803858396,13.05281817057876,152.0,0.003891536110032092,0.020157756354075372
"Bad Bunny, RaiNao",21,0.8787686033830481,11.818152905074573,153.0,0.004901060315054732,0.017528483786152498
"Quavo, Lana Del Rey",21,0.862959943130033,11.79443991469505,154.0,0.004810839041134129,0.017528483786152498
"KAROL G, Peso Pluma",21,0.6279047814021019,11.441857172103154,155.0,0.0034693606493353965,0.017528483786152498
"GloRilla, Sexyy Red",20,0.6694719839963847,11.004207975994577,156.0,0.003706587960907022,0.016652059596844872
"GloRilla, Megan Thee Stallion",20,0.5444425069266857,10.816663760390028,157.0,0.0029930348502502477,0.016652059596844872
"Future, Metro Boomin, The Weeknd",19,0.8730183819489951,10.809527572923493,158.0,0.004868243346709367,0.015775635407537247
d4vd,20,0.4493234509990559,10.673985176498583,159.0,0.002450182877814502,0.016652059596844872
*NSYNC,19,0.5246213123591643,10.286931968538747,160.0,0.0028799137257597114,0.015775635407537247
Arctic Monkeys,19,0.4316195599813733,10.14742933997206,161.0,0.0023491453720801245,0.015775635407537247
Linkin Park,18,0.6204719195339381,9.930707879300908,162.0,0.003426940719000458,0.014899211218229624
John Williams,18,0.6166015369478368,9.924902305421755,163.0,0.0034048521395832632,0.014899211218229624
"Ella Langley, Riley Green",18,0.5219734553272982,9.782960182990948,164.0,0.0028648021963352606,0.014899211218229624
Eagles,18,0.4855299039025718,9.728294855853857,165.0,0.002656815967071923,0.014899211218229624
"Eslabon Armado, Peso Pluma",18,0.4597693290141803,9.68965399352127,166.0,0.002509798329513769,0.014899211218229624
Future,17,0.6531549045386995,9.47973235680805,167.0,0.0036134650983889734,0.014022787028921999
"Ice Spice, Central Cee",17,0.45657620163252205,9.184864302448783,168.0,0.0024915748990931535,0.014022787028921999
"21 Savage, Doja Cat",15,1.0366610918392538,9.054991637758881,169.0,0.0058021652298938,0.012269938650306747
"Eminem, Big Sean, BabyTron",16,0.563467885199634,8.845201827799452,170.0,0.003101614188229212,0.013146362839614373
"Beyoncé, Miley Cyrus",14,1.1988598689365952,8.798289803404893,171.0,0.006727846474469538,0.011393514460999125
One Direction,16,0.5298898333269634,8.794834749990445,172.0,0.0029099815914601953,0.013146362839614373
Ice Spice,15,0.6105426111197965,8.415813916679694,173.0,0.0033702733708547757,0.012269938650306747
Toby Keith,14,0.8581339573113582,8.287200935967038,174.0,0.004783296758517197,0.011393514460999125
"Jimin, Loco",15,0.3803471681394384,8.070520752209157,175.0,0.0020565297781651743,0.012269938650306747
Jung Kook,14,0.6121642071351199,7.9182463107026795,176.0,0.0033795279475200657,0.011393514460999125
GELO,14,0.42674418000250514,7.640116270003758,177.0,0.0023213211930857916,0.011393514460999125
Tucker Wetmore,14,0.3015451759562742,7.452317763934412,178.0,0.0016068005785708902,0.011393514460999125
"Tyler, The Creator, Doechii",13,0.5277681115181115,7.291652167277167,179.0,0.0028978727573505353,0.010517090271691499
The Weeknd,12,0.6748742345779513,7.012311351866927,180.0,0.0037374190320861424,0.009640666082383873
Juice WRLD,13,0.3228847610889472,6.984327141633421,181.0,0.0017285872780630064,0.010517090271691499
"NLE Choppa, 41, Kyle Richh",13,0.32207097646430305,6.983106464696455,182.0,0.001723942944871116,0.010517090271691499
"Bad Bunny, Los Pleneros de la Cresta",13,0.31500588493475756,6.9725088274021365,183.0,0.001683621908935153,0.010517090271691499
"Tyler, The Creator, Daniel Caesar, LaToiya Williams",12,0.6444932349469554,6.966739852420433,184.0,0.0035640322652241607,0.009640666082383873
"Zach Bryan, The War and Treaty",13,0.2891112728639889,6.933666909295983,185.0,0.0015358393105799897,0.010517090271691499
"Kendrick Lamar, Dody6",10,0.9717114124090869,6.45756711861363,186.0,0.005431492274365718,0.007887817703768625
"Bad Bunny, Young Miko",11,0.6260775335775336,6.4391163003663,187.0,0.003458932401535602,0.008764241893076247
G3 GELO,10,0.9516515794978793,6.4274773692468194,188.0,0.005317009221980655,0.007887817703768625
"Drake, SZA",11,0.38031500004116636,6.07047250006175,189.0,0.002056346192285077,0.008764241893076247
"4batz, Drake",11,0.3566234916324764,6.034935237448715,190.0,0.0019211368807101122,0.008764241893076247
Laufey,11,0.3194392039342778,5.979158805901417,191.0,0.001708923210970336,0.008764241893076247
"Travis Scott, Drake",11,0.2921464661383754,5.938219699207563,192.0,0.0015531613985638952,0.008764241893076247
ILLIT,11,0.2579996480347455,5.886999472052119,193.0,0.0013582828079472735,0.008764241893076247
"Beyoncé, Post Malone",10,0.4838826383961023,5.725823957594153,194.0,0.002647414892591193,0.007887817703768625
Miley Cyrus,10,0.44813919097277416,5.672208786459161,195.0,0.002443424212215119,0.007887817703768625
Lil Uzi Vert,10,0.412282565139708,5.618423847709562,196.0,0.0022387876137066136,0.007887817703768625
"Bobby ""Boris"" Pickett, The Crypt-Kickers",8,1.0450432020553972,5.567564803083096,197.0,0.005850002595599671,0.006134969325153374
"Eminem, Jelly Roll",10,0.2893901236130085,5.434085185419512,198.0,0.0015374307338510073,0.007887817703768625
Fuerza Regida,10,0.2411569568391766,5.3617354352587645,199.0,0.0012621602376854623,0.007887817703768625
Troye Sivan,9,0.30407913723703195,4.956118705855548,200.0,0.0016212620959389949,0.007011393514461
"John Lennon, Yoko Ono",9,0.2288203938795491,4.843230590819323,201.0,0.0011917544975274983,0.007011393514461
Ray Parker Jr.,6,1.22232905982906,4.83349358974359,202.0,0.006861787002402645,0.0043821209465381246
"Drake, 21 Savage",9,0.20704811270600745,4.810572169059011,203.0,0.0010674983675205399,0.007011393514461
Fleetwood Mac,9,0.20630600204004274,4.809459003060065,204.0,0.0010632630832774848,0.007011393514461
Jordan Adetunji,9,0.20085590298974762,4.8012838544846215,205.0,0.0010321589371043575,0.007011393514461
girl in red,9,0.19575333260687952,4.793629998910319,206.0,0.0010030381645123791,0.007011393514461
"Tito Double P, Peso Pluma",9,0.18772094159896457,4.781581412398447,207.0,0.0009571966739771984,0.007011393514461
"Eminem, White Gold",8,0.5177033099991357,4.776554964998704,208.0,0.002840432139343274,0.006134969325153374
"Noah Kahan, Hozier",7,0.7827469893003829,4.674120483950574,209.0,0.004353057371870583,0.0052585451358457495
"Eminem, JID",8,0.3872872482326264,4.580930872348939,210.0,0.0020961373639502515,0.006134969325153374
Bruce Springsteen,8,0.3662566603139239,4.549384990470886,211.0,0.001976114135988053,0.006134969325153374
"USHER, Lil Jon, Ludacris",8,0.34734032669971615,4.521010490049575,212.0,0.0018681571244977566,0.006134969325153374
"Nicki Minaj, Drake",8,0.3084251124692301,4.462637668703845,213.0,0.0016460649201885402,0.006134969325153374
"Zach Bryan, John Mayer",8,0.28432352248141723,4.426485283722126,214.0,0.0015085152406198498,0.006134969325153374
NLE Choppa,8,0.1727304280359391,4.259095642053909,215.0,0.0008716446279002842,0.006134969325153374
"Post Malone, Tim McGraw",7,0.38652917131178,4.07979375696767,216.0,0.0020918109590282704,0.0052585451358457495
The Citizens of Halloween,6,0.6494583032102758,3.9741874548154135,217.0,0.003592368302348754,0.0043821209465381246
"Sexyy Red, Bruno Mars",7,0.3015241702741703,3.9522862554112557,218.0,0.001606680697482382,0.0052585451358457495
"Gracie Abrams, Taylor Swift",7,0.26179328978678995,3.892689934680185,219.0,0.001379933421357259,0.0052585451358457495
Post Malone,7,0.25429641650710627,3.8814446247606593,220.0,0.0013371481728359376,0.0052585451358457495
Mac Miller,7,0.20941014801616414,3.8141152220242462,221.0,0.0010809786897816964,0.0052585451358457495
"Mustard, Travis Scott",7,0.1878161934438943,3.781724290165841,222.0,0.0009577402837869677,0.0052585451358457495
Donny Hathaway,7,0.18071441107155392,3.771071616607331,223.0,0.0009172098503103405,0.0052585451358457495
Gene Autry,7,0.17529925850710582,3.7629488877606585,224.0,0.0008863051464948641,0.0052585451358457495
Childish Gambino,7,0.17440020505809978,3.7616003075871496,225.0,0.0008811741773808579,0.0052585451358457495
The Jackson 5,7,0.16890344607909683,3.7533551691186453,226.0,0.0008498037393055902,0.0052585451358457495
Mark Ambor,7,0.163333701854582,3.745000552781873,227.0,0.0008180167686638618,0.0052585451358457495
Michael Jackson,6,0.374616870159435,3.5619253052391526,228.0,0.0020238265145472493,0.0043821209465381246
"Charli xcx, Ariana Grande",6,0.2805436649913394,3.420815497487009,229.0,0.0014869432950827123,0.0043821209465381246
"Beyoncé, Linda Martell, Shaboozey",6,0.23647991094799603,3.354719866421994,230.0,0.0012354679670101563,0.0043821209465381246
"Jung Kook, Latto",6,0.1958711660810356,3.2938067491215532,231.0,0.001003710649465481,0.0043821209465381246
"Drake, Young Thug, 21 Savage",6,0.19063174050107848,3.285947610751618,232.0,0.0009738088334437365,0.0043821209465381246
"Megan Thee Stallion, RM",6,0.14090729103327088,3.2113609365499065,233.0,0.0006900274690406013,0.0043821209465381246
"Kelly Clarkson, Ariana Grande",6,0.12940126405171998,3.19410189607758,234.0,0.0006243616633729542,0.0043821209465381246
Imogen Heap,6,0.12692270741167266,3.190384061117509,235.0,0.0006102163446697587,0.0043821209465381246
"Kendrick Lamar, AzChike",5,0.41466842336407556,3.122002635046113,236.0,0.0022524038952226474,0.0035056967572304996
"21 Savage, Young Thug, Metro Boomin",5,0.3290306185043027,2.993545927756454,237.0,0.0017636621722332446,0.0035056967572304996
"Beyoncé, Tanner Adell, Brittney Spencer, Tiera Kennedy, Reyna Roberts",5,0.31454330270119746,2.971814954051796,238.0,0.0016809819155557727,0.0035056967572304996
"21 Savage, Lil Durk, Metro Boomin",5,0.27147147147147144,2.907207207207207,239.0,0.0014351675694034526,0.0035056967572304996
"Lil Baby, Young Thug, Future",5,0.21803974221267455,2.827059613319012,240.0,0.001130228466129981,0.0035056967572304996
"Post Malone, Jelly Roll",5,0.16338843904633377,2.7450826585695007,241.0,0.0008183291581447946,0.0035056967572304996
"Post Malone, Chris Stapleton",5,0.1619142190097233,2.742871328514585,242.0,0.0008099156678417876,0.0035056967572304996
"Cynthia Erivo, Ariana Grande",5,0.15537961693241195,2.733069425398618,243.0,0.0007726221771510251,0.0035056967572304996
Cardi B,5,0.15408346134152584,2.7311251920122888,244.0,0.0007652249147178121,0.0035056967572304996
"Ariana Grande, Nonna",5,0.1529220779220779,2.729383116883117,245.0,0.000758596807722289,0.0035056967572304996
"Drake, Bad Bunny",5,0.14929944607363962,2.7239491691104596,246.0,0.0007379221613524859,0.0035056967572304996
"Juice WRLD, Eminem, benny blanco",5,0.131857730329795,2.6977865954946925,247.0,0.0006383809106338763,0.0035056967572304996
"Camila Cabello, Playboi Carti",5,0.12446005343082996,2.6866900801462448,248.0,0.0005961617836999322,0.0035056967572304996
Surf Curse,5,0.12136174636174636,2.6820426195426195,249.0,0.0005784795002998182,0.0035056967572304996
Band Aid,5,0.11792033141280676,2.67688049711921,250.0,0.0005588390731027369,0.0035056967572304996
Bing Crosby,5,0.10895445134575568,2.6634316770186337,251.0,0.000507670086704006,0.0035056967572304996
"Sam Barber, Avery Anna",5,0.10335142567665363,2.6550271385149804,252.0,0.000475693176226737,0.0035056967572304996
"Kendrick Lamar, Wallie the Sensei, Siete7x, Roddy Ricch",4,0.42410714285714285,2.6361607142857144,253.0,0.002306271413609055,0.0026292725679228747
"Kendrick Lamar, Hitta J3, YoungThreat, Peysoh",4,0.291504329004329,2.4372564935064935,254.0,0.001549496671171557,0.0026292725679228747
"21 Savage, Brent Faiyaz",4,0.17405903275468493,2.2610885491320274,255.0,0.0008792270800716699,0.0026292725679228747
"Post Malone, Hank Williams, Jr.",4,0.17134562403104603,2.257018436046569,256.0,0.0008637414419596555,0.0026292725679228747
"J. Cole, Bas, Central Cee",4,0.17099715099715102,2.2564957264957264,257.0,0.0008617526788044103,0.0026292725679228747
"Beyoncé, Rumi Carter",4,0.16394989449909358,2.24592484174864,258.0,0.0008215334288032141,0.0026292725679228747
Lady Gaga,4,0.1540428509905254,2.231064276485788,259.0,0.0007649931482339366,0.0026292725679228747
"Eminem, Sly Pyper",4,0.1536683187687492,2.2305024781531237,260.0,0.0007628556632331747,0.0026292725679228747
"Taylor Swift, Kendrick Lamar",4,0.14134479099415986,2.2120171864912397,261.0,0.000692524315906805,0.0026292725679228747
"Bad Bunny, Mora",4,0.12764550264550265,2.191468253968254,262.0,0.0006143413942145133,0.0026292725679228747
The Killers,4,0.12681891751659194,2.190228376274888,263.0,0.0006096240075327465,0.0026292725679228747
"Post Malone, Lainey Wilson",4,0.1173441840703337,2.1760162761055004,264.0,0.0005555509546681607,0.0026292725679228747
"Beyoncé, Dolly Parton",4,0.10950290020057463,2.1642543503008618,265.0,0.0005108001276796556,0.0026292725679228747
Koe Wetzel,4,0.09153174092506752,2.137297611387601,266.0,0.00040823730086723996,0.0026292725679228747
$uicideboy$,4,0.09043943280877079,2.135659149213156,267.0,0.0004020034120879989,0.0026292725679228747
"Peso Pluma, Tito Double P, Joel De La P",4,0.08875009677299915,2.133125145159499,268.0,0.0003923622377703821,0.0026292725679228747
Brent Faiyaz,4,0.08514492753623187,2.1277173913043477,269.0,0.000371787251906006,0.0026292725679228747
Dominic Fike,4,0.08338652482269504,2.125079787234043,270.0,0.000361751908597867,0.0026292725679228747
Rockwell,3,0.2777777777777778,1.9166666666666667,271.0,0.0014711581580796797,0.0017528483786152498
"J. Cole, Ari Lennox, Young Dro, Gucci Mane",3,0.21428571428571427,1.8214285714285714,272.0,0.0011088039319516797,0.0017528483786152498
Andrew Gold,3,0.15821678321678323,1.7373251748251748,273.0,0.0007888141094465996,0.0017528483786152498
"J. Cole, Cam'ron",3,0.1497326203208556,1.7245989304812834,274.0,0.0007403943210287601,0.0017528483786152498
"Beyoncé, Willie Nelson",3,0.12207934336525308,1.6831190150478796,275.0,0.000582574883133138,0.0017528483786152498
"21 Savage, Summer Walker",3,0.11936507936507937,1.6790476190476191,276.0,0.0005670843638903199,0.0017528483786152498
"Hozier, Allison Russell",3,0.11036036036036036,1.6655405405405406,277.0,0.0005156937206036529,0.0017528483786152498
"Post Malone, Dolly Parton",3,0.09833024118738404,1.6474953617810761,278.0,0.00044703687936401763,0.0017528483786152498
"Beyoncé, Willie Jones",3,0.09772727272727272,1.646590909090909,279.0,0.0004435956906905618,0.0017528483786152498
"USHER, Alicia Keys",3,0.09629109629109629,1.6444366444366445,280.0,0.00043539931822301656,0.0017528483786152498
"Zach Bryan, Noeline Hofmann",3,0.09453781512605042,1.6418067226890756,281.0,0.00042539320399703285,0.0017528483786152498
Van Morrison,3,0.09070464767616192,1.6360569715142428,282.0,0.0004035170143044896,0.0017528483786152498
"Post Malone, Brad Paisley",3,0.08944444444444444,1.6341666666666668,283.0,0.0003963249348274999,0.0017528483786152498
Chris Stapleton,3,0.07808833678398895,1.6171325051759835,284.0,0.000331514730578193,0.0017528483786152498
"Future, Metro Boomin, Rick Ross",3,0.07521135265700483,1.6128170289855073,285.0,0.000315095554706768,0.0017528483786152498
"Post Malone, HARDY",3,0.07357142857142857,1.6103571428571428,286.0,0.0003057363782954999,0.0017528483786152498
Creedence Clearwater Revival,3,0.06961382113821138,1.6044207317073171,287.0,0.000283149999779686,0.0017528483786152498
"Offset, Travis Scott",3,0.06918865107018417,1.6037829766052762,288.0,0.0002807235205868646,0.0017528483786152498
The Weavers,3,0.06738015607580825,1.6010702341137124,289.0,0.00027040229667160524,0.0017528483786152498
"Jessie Murph, Jelly Roll",3,0.06298062703342205,1.5944709405501332,290.0,0.0002452938365932715,0.0017528483786152498
Tom Petty and the Heartbreakers,2,0.09090909090909091,1.1363636363636362,291.0,0.0004046837879984073,0.0008764241893076249
"Earth, Wind & Fire",2,0.08608058608058608,1.129120879120879,292.0,0.0003771271291932184,0.0008764241893076249
Katy Perry,2,0.08333333333333333,1.125,293.0,0.00036144834056267994,0.0008764241893076249
Dj Agus Lima,2,0.07692307692307693,1.1153846153846154,294.0,0.0003248645004247569,0.0008764241893076249
Fetty Wap,2,0.07644110275689223,1.1146616541353382,295.0,0.0003221138357527326,0.0008764241893076249
"Eminem, Dem Jointz, Sly Pyper",2,0.07289002557544758,1.1093350383631713,296.0,0.0003018475575246825,0.0008764241893076249
"Eminem, Skylar Grey",2,0.06734006734006734,1.101010101010101,297.0,0.0002701735070872557,0.0008764241893076249
Daryl Hall & John Oates,2,0.06666666666666667,1.1,298.0,0.00026633035620407996,0.0008764241893076249
The Beatles,2,0.06605691056910569,1.0990853658536586,299.0,0.000262850429947058,0.0008764241893076249
Zac Brown Band,2,0.0625,1.09375,300.0,0.00024255086011442997,0.0008764241893076249
"21 Savage, Burna Boy, Metro Boomin",2,0.06020066889632107,1.0903010033444815,301.0,0.0002294283957171315,0.0008764241893076249
Kacey Musgraves,2,0.05654761904761904,1.0848214285714286,302.0,0.00020858015141492992,0.0008764241893076249
"Post Malone, ERNEST",2,0.05505952380952381,1.0825892857142858,303.0,0.00020008747424005497,0.0008764241893076249
Justin Timberlake,2,0.05498533724340176,1.0824780058651027,304.0,0.00019966408564189405,0.0008764241893076249
"Eminem, Ez Mil",2,0.05489092188599577,1.0823363828289936,305.0,0.0001991252497325568,0.0008764241893076249
"USHER, Pitbull",2,0.05266805266805267,1.0790020790020791,306.0,0.00018643915936234528,0.0008764241893076249
"Myke Towers, Bad Bunny",2,0.05103359173126615,1.0765503875968991,307.0,0.00017711116157314506,0.0008764241893076249
"Moneybagg Yo, Morgan Wallen",2,0.04957160342717258,1.074357405140759,308.0,0.0001687674787346714,0.0008764241893076249
Céline Dion,2,0.04957160342717258,1.074357405140759,308.0,0.0001687674787346714,0.0008764241893076249
"Beyoncé, Shaboozey",2,0.04876615746180964,1.0731492361927144,310.0,0.00016417073493056603,0.0008764241893076249
"Stromae, Pomme, Arcane",2,0.04777777777777778,1.0716666666666668,311.0,0.00015852997393099998,0.0008764241893076249
"Bad Bunny, Luar La L",2,0.046511627906976744,1.069767441860465,312.0,0.0001513039565146102,0.0008764241893076249
Kenny Chesney,2,0.046511627906976744,1.069767441860465,312.0,0.0001513039565146102,0.0008764241893076249
"Lil Baby, Travis Scott",2,0.04612937433722163,1.0691940615058324,314.0,0.00014912240517047105,0.0008764241893076249
"Don Toliver, Charlie Wilson, Cash Cobain",2,0.046049188906331764,1.0690737833594977,315.0,0.00014866478057680088,0.0008764241893076249
"Ariana Grande, Cynthia Erivo",2,0.046031746031746035,1.069047619047619,316.0,0.00014856523271247998,0.0008764241893076249
"Post Malone, Sierra Ferrell",2,0.04564102564102564,1.0684615384615386,317.0,0.00014633536055169225,0.0008764241893076249
Kesha,2,0.045454545454545456,1.0681818181818181,318.0,0.00014527110338404363,0.0008764241893076249
Don McLean,2,0.045454545454545456,1.0681818181818181,318.0,0.00014527110338404363,0.0008764241893076249
Gayla Peevey,2,0.04494949494949495,1.0674242424242424,320.0,0.0001423887402216618,0.0008764241893076249
Conan Gray,2,0.04464285714285714,1.0669642857142856,321.0,0.00014063873401592994,0.0008764241893076249
"Gwen Stefani, Blake Shelton",2,0.043498817966903074,1.0652482269503547,322.0,0.00013410961198928852,0.0008764241893076249
"Zach Bryan, John Moreland",2,0.043478260869565216,1.065217391304348,323.0,0.00013399229100950606,0.0008764241893076249
"Charli xcx, Troye Sivan",2,0.04257246376811594,1.0638586956521738,324.0,0.00012882283533784299,0.0008764241893076249
Lynyrd Skynyrd,2,0.0425531914893617,1.0638297872340425,325.0,0.000128712846919297,0.0008764241893076249
"KSI, Trippie Redd",2,0.04173913043478261,1.0626086956521739,326.0,0.00012406693611991305,0.0008764241893076249
Pentatonix,2,0.04083333333333333,1.06125,327.0,0.00011889748044824997,0.0008764241893076249
Miguel,2,0.04,1.06,328.0,0.00011414158123031998,0.0008764241893076249
"Kendrick Lamar, Wallie the Sensei, Roddy Ricch, Siete7x",1,0.1,0.65,329.0,0.00045656632492128003,0.0
"Mac Miller, SZA",1,0.06666666666666667,0.6,330.0,0.00026633035620407996,0.0
Ken Carson,1,0.058823529411764705,0.5882352941176471,331.0,0.00022156895180003292,0.0
"Toby Keith, Willie Nelson",1,0.05555555555555555,0.5833333333333334,332.0,0.00020291836663167997,0.0
"Kelsea Ballerini, Noah Kahan",1,0.05,0.575,333.0,0.00017121237184548,0.0
"J. Cole, Daylyt, Ab-Soul",1,0.04,0.56,334.0,0.00011414158123031998,0.0
"Charli xcx, Lorde",1,0.04,0.56,334.0,0.00011414158123031998,0.0
"J. Fred Coots, Bruce Springsteen",1,0.04,0.56,334.0,0.00011414158123031998,0.0
"A$AP Rocky, J. Cole",1,0.03333333333333333,0.55,337.0,7.609438748687998e-05,0.0
"Ariana Grande, Mariah Carey",1,0.03125,0.546875,338.0,6.4204639442055e-05,0.0
"beabadoobee, Laufey",1,0.03125,0.546875,338.0,6.4204639442055e-05,0.0
"Peso Pluma, Junior H, Oscar Maydon",1,0.03125,0.546875,338.0,6.4204639442055e-05,0.0
"J. Cole, Bas",1,0.030303030303030304,0.5454545454545454,341.0,5.880020851258908e-05,0.0
"The Kid LAROI, Jung Kook, Central Cee",1,0.030303030303030304,0.5454545454545454,341.0,5.880020851258908e-05,0.0
"Lil Uzi Vert, Big Time Rush",1,0.030303030303030304,0.5454545454545454,341.0,5.880020851258908e-05,0.0
"¥$, Kanye West, Ty Dolla $ign, North West",1,0.030303030303030304,0.5454545454545454,341.0,5.880020851258908e-05,0.0
"¥$, Kanye West, Ty Dolla $ign, Bump J",1,0.029411764705882353,0.5441176470588235,345.0,5.371368528485647e-05,0.0
"Yeat, Future",1,0.029411764705882353,0.5441176470588235,345.0,5.371368528485647e-05,0.0
"Rema, Selena Gomez",1,0.02857142857142857,0.5428571428571428,347.0,4.8917820527279984e-05,0.0
Rick James,1,0.02857142857142857,0.5428571428571428,347.0,4.8917820527279984e-05,0.0
Staredd,1,0.02857142857142857,0.5428571428571428,347.0,4.8917820527279984e-05,0.0
"21 Savage, Mariah the Scientist",1,0.02857142857142857,0.5428571428571428,347.0,4.8917820527279984e-05,0.0
Bonnie Tyler,1,0.027777777777777776,0.5416666666666666,351.0,4.4388392700679994e-05,0.0
Paul Russell,1,0.027777777777777776,0.5416666666666666,351.0,4.4388392700679994e-05,0.0
David Kushner,1,0.02702702702702703,0.5405405405405406,353.0,4.010379881065298e-05,0.0
leftovermax,1,0.02702702702702703,0.5405405405405406,353.0,4.010379881065298e-05,0.0
Harry Styles,1,0.02702702702702703,0.5405405405405406,353.0,4.010379881065298e-05,0.0
"Rihanna, Calvin Harris",1,0.02631578947368421,0.5394736842105263,356.0,3.604470986220631e-05,0.0
USHER,1,0.025,0.5375,357.0,2.8535395307580016e-05,0.0
blink-182,1,0.025,0.5375,357.0,2.8535395307580016e-05,0.0
"Future, Metro Boomin, J. Cole",1,0.025,0.5375,357.0,2.8535395307580016e-05,0.0
"USHER, Jeezy",1,0.024390243902439025,0.5365853658536586,360.0,2.505546905055806e-05,0.0
"Nicki Minaj, J. Cole",1,0.023809523809523808,0.5357142857142857,361.0,2.174125356767999e-05,0.0
"Peso Pluma, Junior H, Eslabon Armado",1,0.023809523809523808,0.5357142857142857,361.0,2.174125356767999e-05,0.0
Tory Lanez,1,0.023809523809523808,0.5357142857142857,361.0,2.174125356767999e-05,0.0
The Living Tombstone,1,0.023255813953488372,0.5348837209302325,364.0,1.8581187642145112e-05,0.0
Rihanna,1,0.022727272727272728,0.5340909090909091,365.0,1.5564761076861827e-05,0.0
Perry Como,1,0.022222222222222223,0.5333333333333333,366.0,1.268239791448001e-05,0.0
"Pharrell Williams, Miley Cyrus",1,0.022222222222222223,0.5333333333333333,366.0,1.268239791448001e-05,0.0
Ivan Cornejo,1,0.021739130434782608,0.532608695652174,368.0,9.925354889593038e-06,0.0
Talking Heads,1,0.021739130434782608,0.532608695652174,368.0,9.925354889593038e-06,0.0
"Peso Pluma, Ivan Cornejo",1,0.02127659574468085,0.5319148936170213,370.0,7.285632844488505e-06,0.0
"KAROL G, Feid, DFZM, Ovy On The Drums, J Balvin, Maluma, Ryan Castro, Blessd",1,0.02127659574468085,0.5319148936170213,370.0,7.285632844488505e-06,0.0
"Charli xcx, The 1975, Jon Hopkins",1,0.02127659574468085,0.5319148936170213,370.0,7.285632844488505e-06,0.0
Twenty One Pilots,1,0.020833333333333332,0.53125,373.0,4.7558992179299936e-06,0.0
"Kendrick Lamar, Jay Rock",1,0.020833333333333332,0.53125,373.0,4.7558992179299936e-06,0.0
Dropkick Murphys,1,0.020833333333333332,0.53125,373.0,4.7558992179299936e-06,0.0
"Post Malone, Billy Strings",1,0.02040816326530612,0.5306122448979592,376.0,2.3294200251085636e-06,0.0
Bill Withers,1,0.02040816326530612,0.5306122448979592,376.0,2.3294200251085636e-06,0.0
"mgk, Jelly Roll",1,0.02040816326530612,0.5306122448979592,376.0,2.3294200251085636e-06,0.0
"Marvin Gaye, Tammi Terrell",1,0.02,0.53,379.0,0.0,0.0
"Luis R Conriquez, Neton Vega",1,0.02,0.53,379.0,0.0,0.0
Blue Öyster Cult,1,0.02,0.53,379.0,0.0,0.0
